url,status,updated_at,origin
http://www.randyleagowinds.com,200,2019-03-01,n/a
url,status,updated_at,origin
http://www.randyleagowinds.com,200,2019-03-01,n/a
url,status,updated_at,origin
http://www.randyleagowinds.com,200,2019-03-01,n/a
url,status,updated_at,origin
http://www.randyleagowinds.com,200,2019-03-01,n/a
http://randyleago.com,200,2019-03-01,n/a
https://www.weebly.com/?utm_source=internal&utm_medium=footer&utm_campaign=2,200,2019-03-01,n/a
https://www.thespectrum.com/story/entertainment/music/backbeat/2016/04/29/beach-boys-still-fun-fun-fun-rain/83708220/,200,2019-03-01,n/a
https://rleago.tumblr.com/,200,2019-03-01,n/a
https://www.youtube.com/user/nashran/feed,200,2019-03-01,n/a
https://www.syracuse.com/entertainment/2017/08/beach_boys_nys_fair_review.html,200,2019-03-01,n/a
https://soundcloud.com/randyleagomusic,200,2019-03-01,n/a
https://www.facebook.com/RandyLeagoMusic,200,2019-03-01,n/a
https://www.daddario.com/products/woodwinds/,200,2019-03-01,n/a
url,status,updated_at,origin
http://www.blueskoolrecords.com/,200,2019-03-01,n/a
https://twitter.com/BlueSkoolRecord,200,2019-03-01,n/a
https://www.youtube.com/watch?v=WaDXsj8wI08,200,2019-03-01,n/a
https://www.last.fm/music/O%27Zarathustra,200,2019-03-01,n/a
https://ozarathustra.tumblr.com/,200,2019-03-01,n/a
https://www.youtube.com/user/BlueSkoolRecords,200,2019-03-01,n/a
https://store.cdbaby.com/,200,2019-03-01,n/a
http://www.keithhollandguitars.com/events.html,200,2019-03-01,n/a
https://www.facebook.com/pages/OZarathustra/353406218009580,200,2019-03-01,n/a
http://www.blueskoolrecords.com/?page_id=8,200,2019-03-01,n/a
http://www.blueskoolrecords.com/?page_id=12,200,2019-03-01,n/a
http://www.blueskoolrecords.com/?p=111,200,2019-03-01,n/a
http://www.blueskoolrecords.com/?p=143,200,2019-03-01,n/a
http://www.blueskoolrecords.com/?page_id=5,200,2019-03-01,n/a
http://www.blueskoolrecords.com/?page_id=10,200,2019-03-01,n/a
http://www.blueskoolrecords.com/?p=140,200,2019-03-01,n/a
http://www.blueskoolrecords.com/?page_id=20,200,2019-03-01,n/a
http://www.blueskoolrecords.com/?feed=rss2&page_id=36,200,2019-03-01,n/a
,,,
http://www.blueskoolrecords.com/?page_id=117,200,2019-03-01,n/a
,,,
http://www.blueskoolrecords.com/?feed=rss2,200,2019-03-01,n/a
http://www.blueskoolrecords.com/?feed=comments-rss2,200,2019-03-01,n/a
http://www.blueskoolrecords.com/?page_id=82,200,2019-03-01,n/a
,,,
http://www.blueskoolrecords.com/?feed=rss2&page_id=8,200,2019-03-01,n/a
http://www.blueskoolrecords.com/?feed=rss2&page_id=20,200,2019-03-01,n/a
,,,
,,,
,,,
,,,
,,,
http://www.blueskoolrecords.com/?p=111&replytocom=10,200,2019-03-01,n/a
,,,
,,,
http://www.blueskoolrecords.com/?feed=rss2&page_id=117,200,2019-03-01,n/a
http://www.blueskoolrecords.com/?feed=rss2&p=140,200,2019-03-01,n/a
,,,
,,,
,,,
https://www.etsy.com/shop/BlueSkoolRecords?ref=l2-shopheader-name,200,2019-03-01,n/a
,,,
https://sedo.com/search/details/?partnerid=324561&language=us&domain=martinimax.com&origin=sales_lander_6&utm_medium=Parking&utm_campaign=offerpage,200,2019-03-01,n/a
http://ozarathustra.com/,200,2019-03-01,n/a
http://www.blueskoolrecords.com/?feed=rss2&page_id=82,200,2019-03-01,n/a
http://www.blueskoolrecords.com/?feed=rss2&page_id=10,200,2019-03-01,n/a
http://www.blueskoolrecords.com/?feed=rss2&page_id=5,200,2019-03-01,n/a
,,,
,,,
,,,
,,,
,,,
http://www.blueskoolrecords.com/?feed=rss2&p=143,200,2019-03-01,n/a
,,,
http://www.blueskoolrecords.com/?feed=rss2&p=111,200,2019-03-01,n/a
,,,
,,,
http://www.blueskoolrecords.com/?feed=rss2&page_id=12,200,2019-03-01,n/a
